Hue,Saturation,Value,Label
94.46759158333333,57.565168541666665,183.0936745625,mentah
95.29821397916666,63.629948416666664,180.9158524375,mentah
100.88576985416667,48.489731125,188.08150197916666,mentah
99.9624325,45.258754,187.02469083333332,mentah
99.12941772916666,51.88521402083333,186.224338,mentah
98.99439925,47.1078400625,189.05837172916668,mentah
89.59614295833333,44.132545979166665,186.678616625,mentah
89.3436694375,45.15264925,185.9989469375,mentah
93.76482222916667,40.395605625,189.07973160416665,mentah
94.4554504375,37.32316733333333,186.18940939583334,mentah
87.5500625625,46.71566760416667,186.83994233333334,mentah
97.7247508125,46.284736375,181.2905975625,mentah
86.2249019375,34.080493458333336,179.6017770625,mentah
85.86677575,38.3644824375,185.2571605625,mentah
84.8390855625,41.052196520833334,188.36554325,mentah
86.29166195833334,40.56334997916667,187.442146625,mentah
84.08240758333334,39.136916791666664,187.5457265,mentah
84.860602625,40.88578783333333,188.38770077083333,mentah
84.1518441875,42.415687229166664,186.36507479166667,mentah
82.26482104166666,40.59262991666667,187.00405708333332,mentah
81.07898989583333,43.69363385416667,188.2123175,mentah
83.171920625,33.906744375,186.04468272916668,mentah
96.93391441666667,51.16934358333334,186.740765875,mentah
82.4950703125,34.94853372916667,186.69528689583333,mentah
89.3316674375,41.53889727083333,185.6798683125,mentah
86.53806360416667,39.6609925,180.48992164583333,mentah
87.85311060416667,42.42088125,186.69544866666666,mentah
89.90523977083333,39.4595205,186.19841533333334,mentah
90.08616441666666,38.19109054166667,186.30102352083333,mentah
91.23043979166667,30.8296121875,186.35471208333334,mentah
87.377687375,34.75244652083333,185.34151416666666,mentah
81.82751172916667,37.2289771875,184.8077630625,mentah
81.14181875,37.331105125,185.49123720833333,mentah
98.09314729166667,52.852809020833334,186.90828022916668,mentah
82.66844060416666,44.666258729166664,184.77532354166667,mentah
81.71803302083333,38.805264854166666,186.48083241666666,mentah
82.82880985416666,38.5639826875,186.76782572916667,mentah
81.77752125,39.046762979166665,179.88595739583334,mentah
83.10346539583334,38.214708145833335,177.690084125,mentah
86.87105516666666,37.48727708333333,184.083723125,mentah
79.97064779166666,43.014912770833334,183.9635198125,mentah
81.54184,37.212739604166664,184.215928125,mentah
80.061368625,31.251636833333333,184.34532752083334,mentah
74.16279941666667,37.28438258333333,173.52086058333333,mentah
98.00186002083333,50.56504283333334,187.379046125,mentah
88.8737859375,44.45121264583333,183.07260325,mentah
91.1784015625,35.110572229166664,185.04897947916666,mentah
94.71254591666667,54.08692852083333,186.25434883333332,mentah
98.22436002083333,53.241452270833335,185.85261854166666,mentah
99.176007375,59.406271833333335,186.01082070833334,mentah
100.3428464375,52.94329375,188.21476583333333,mentah
107.53971609943405,68.90855265428232,181.58947966218224,mentah
107.83714473855359,65.15752683747797,186.35845287646796,mentah
107.22297886050882,73.39957331462762,192.32755468700228,mentah
107.44944687519909,71.4937484570441,194.24957892235977,mentah
107.21542974142051,70.57980649010385,187.48994307985942,mentah
105.6135697661609,83.19293220019537,192.54441879672004,mentah
107.66811815126675,69.31289619125486,181.98137137919684,mentah
108.31877676115973,65.85381679174012,193.08312450890867,mentah
109.21244893313725,59.57422439091401,191.01282486687444,mentah
107.72001182269214,67.76651510304954,187.95411614177408,mentah
106.97211886998556,69.52521148450275,185.52579274751002,mentah
105.40552099481832,78.18852158611884,177.99056781108646,mentah
105.87919509797936,74.47846506416042,194.2057389829631,mentah
107.30177380200259,68.55472068184714,188.12196543712437,mentah
107.09793149342202,69.60731241638175,197.34209414287307,mentah
108.55635372645416,60.75863690299221,187.87028859247914,mentah
107.47186984022277,67.59204519964854,189.9854164122725,mentah
107.65480899533331,70.31795484680605,192.0483843592718,mentah
107.22593428467901,72.1275079669615,193.56508826703157,mentah
107.57566282398756,69.63519263389539,190.9441771831001,mentah
107.77740762505574,67.23090575492684,200.52871681483467,mentah
107.20815428961647,78.7735382898607,197.83819577356178,mentah
107.77668210396801,75.79431029207989,199.8304911975196,mentah
107.80152659724139,73.16473874604472,196.91337389371722,mentah
107.89103761626919,73.87826949035338,193.7868622117161,mentah
108.12784036611522,75.81175680957867,202.93898555129647,mentah
108.2947471310975,74.5373561235108,204.57458292077237,mentah
107.6364069235915,77.23694767156343,193.2293775649568,mentah
108.18724740318865,74.35201667653274,206.73614326063412,mentah
108.09377438865765,79.08203282613773,206.76360223459832,mentah
108.6943184548143,70.29872555161502,205.214382688234,mentah
110.12464420764404,62.3175684441961,195.83372908216356,mentah
111.81653267283761,57.58752276274714,197.01144201339486,mentah
109.62606629865786,31.289879685940452,184.21923710951603,mentah
110.21527270832891,38.05590212151458,186.78842574035338,mentah
110.34574132560152,35.60733207662618,195.4996106110238,mentah
109.9329013278048,37.10597087430185,184.5693185377689,mentah
111.1585521565546,34.50845465169679,189.70168034533012,mentah
109.746324280883,41.93770763540848,181.17881589583024,mentah
110.27944424387861,39.80073736700716,203.18481840902334,mentah
107.33847898062712,55.31570146756673,200.95620435836926,mentah
106.811855940347,58.086596740348064,188.3248902676315,mentah
107.02650300494808,53.36593306026885,191.42414521902674,mentah
108.89725174669243,45.24012956184035,199.135854362882,mentah
108.76838581263671,48.35879431767504,196.72661567391003,mentah
107.4895907715974,54.3459350246342,195.73129688595,mentah
105.94042630709933,66.99166015749432,212.22843561527108,mentah
107.49931711758585,57.979480262773684,205.82418083973965,mentah
107.36812969854955,53.09330370415596,196.04968351154199,mentah
107.81276362977553,86.37746748510799,209.34919505816114,mentah
107.59805658898576,82.49015088117713,220.85569148314892,mentah
107.31951298339315,88.75624880545351,208.36672229050308,mentah
107.59987711102912,88.13001145437363,207.67744515372488,mentah
107.91426175699208,83.46556280062754,206.2124885854446,mentah
107.87456639621249,83.32174670238803,218.87134883544988,mentah
108.01196653544352,84.645201357403,218.79304233074603,mentah
108.72691182189577,82.97041572872645,220.3641767450997,mentah
108.05818569623479,83.27376699574211,217.90495184318524,mentah
107.41852753230584,87.34697096190193,217.15072820881736,mentah
110.00894765099068,59.312111108751516,201.02052131336404,mentah
109.60140803850156,55.86933303823611,216.2114431913504,mentah
109.99441781785555,45.86980057046232,200.26930378843784,mentah
109.07091259370554,57.47897664528871,200.48605317191914,mentah
109.7241627888148,47.72487346102593,199.8678498096689,mentah
109.69226059960926,45.46027212101021,191.74058680769394,mentah
110.02521339245897,53.884282041055236,206.35869726077215,mentah
109.63115017241287,51.37957212671749,210.43584878833167,mentah
109.65642669333603,56.54934447601882,219.85576962639894,mentah
109.65590665083671,59.47110300773535,217.14902689255985,mentah
110.13246367583193,48.79045879212767,190.38400878854404,mentah
110.20871962533712,57.78265508531717,197.43755408641084,mentah
110.0465557906305,59.32408087942513,210.59455573820318,mentah
109.69165154680499,56.7815566832222,196.233294184284,mentah
109.2202858217949,54.59127521488564,197.79013045775022,mentah
110.08667903132897,62.48287683960161,204.3192255456423,mentah
110.07465525719914,52.61742665816327,193.1964724544214,mentah
109.92278277238314,36.9744081685744,184.2072232069857,mentah
110.25928718424154,55.41217138357684,206.01059313879037,mentah
110.975357086448,41.66353665067744,199.40778407974793,mentah
109.8978366597029,59.18551224144705,200.81839035854978,mentah
109.97521017381979,36.64268550975281,186.0839625164582,mentah
110.61614509227208,38.73048119319268,188.88316455939815,mentah
110.6169788691361,48.289767199478646,202.211191258176,mentah
109.7450100308724,61.13084581191998,195.76611750156619,mentah
110.37586936439509,60.74063376000765,209.82618941990168,mentah
109.8563130621005,62.58301061221835,198.88374358263076,mentah
109.55253076289048,58.484133353198196,201.93639487858098,mentah
111.07769230871328,39.804635238590755,233.50247163283888,mentah
110.22372196797554,37.59259850694961,229.65209438841873,mentah
110.76729728214127,39.24716154184098,230.16253878957932,mentah
110.00299623784217,51.50290930140266,239.66871708360765,mentah
108.4875763016575,52.92694609874387,243.9313078525505,mentah
109.79128170193675,32.522659385684555,229.78383685680308,mentah
111.02541878809276,36.297821097416595,237.28285069230606,mentah
110.03485271905328,46.37365530564463,238.8696624510236,mentah
109.58952138835502,48.10184454570069,239.66308454801015,mentah
110.51241946765698,37.50835137319756,230.48642928815647,mentah
101.17153281220136,44.31318470741574,204.46693802228228,mentah
101.47521166700291,45.691454031859884,200.07148937716346,mentah
101.13508130879823,48.06270547858842,203.7227505694005,mentah
100.96401179813756,50.025993912458325,194.91951261839284,mentah
101.37272513551467,40.87601635997792,205.86719554659794,mentah
108.19295725248996,34.295917288936906,190.1457242203593,mentah
101.34084202587123,44.53615087586804,206.99616102619507,mentah
103.09860973037759,43.89620071168426,196.07511407919046,mentah
95.1108754831277,34.74804774602349,199.73375242559302,mentah
103.2514131319151,42.87434084260656,217.76483394476418,mentah
107.75057097663468,44.36588652272824,188.48541989636647,mentah
108.86901756182442,39.788632297351825,184.7353950929357,mentah
106.85202140494596,39.60744423126951,186.48584611719298,mentah
112.13472485280532,26.47927992737157,167.41429842293317,mentah
107.38046480136019,42.28946101398416,185.58192448740684,mentah
107.50225868833486,42.17146478941473,183.25845996079232,mentah
98.46747324547665,42.66209705623925,173.9510283220338,mentah
101.74187144290599,48.06495305100448,182.58018891089213,mentah
106.77792990732974,31.27047245309414,167.3797022825129,mentah
101.31302360954788,56.001138386220774,195.0267177744537,mentah
105.86050218734736,44.83796515972414,228.9364191013294,mentah
104.43622755911677,40.05468758295462,229.28239294872475,mentah
103.65252741152392,49.18105699778611,235.09299843116227,mentah
102.76790450994393,47.94830201851813,236.7252893125252,mentah
103.54292071927627,50.450590404606174,235.7966408191138,mentah
104.5414055531812,47.31119462613349,232.70870154123043,mentah
103.52570514743358,43.793146604700674,231.54834420923677,mentah
101.72395913522797,46.10547356136784,232.2230978174308,mentah
104.84665515367178,41.64490844464737,224.67242996639342,mentah
105.06974343132154,37.48800194180169,231.33300978267218,mentah
105.93869579081633,38.071350759997024,233.8954866383338,mentah
106.19746185414853,34.892821140552996,231.19846236979444,mentah
107.13888726666525,36.158375960946294,233.51870535382469,mentah
107.54418992492938,37.43396123895708,233.28397846033576,mentah
107.275101154861,36.536027688260525,233.94071117325703,mentah
106.92857159448066,35.40161150958823,232.90391623773598,mentah
108.35869369372358,34.799401714705134,232.34342158266793,mentah
105.25844436532417,34.34038146183291,229.57189046274075,mentah
106.48407793951347,35.099070211461274,233.62481584074837,mentah
111.17224920828113,37.384793705138144,219.18832473481066,mentah
110.2886456530453,32.37200790988872,212.35424948302682,mentah
111.0997915848181,39.34934520601945,219.5590282662883,mentah
110.86346217402154,39.56569964256514,219.64175874076219,mentah
111.13302834791565,37.34386273532566,216.12295309480453,mentah
110.23136349850814,44.89222519457835,217.05896049236551,mentah
110.1714906712555,47.72818816164603,221.88068546064366,mentah
111.13410144885218,37.975200634038735,216.47702696290534,mentah
110.83481910584213,43.024615704437345,218.9812615472828,mentah
110.66002178056446,31.95026621795961,212.62624191358384,mentah
108.29121849051795,35.30452822713372,228.7113743390176,mentah
105.60967015253031,24.896111950243156,229.32781109972606,mentah
104.47345891888233,32.92213473090849,232.9574746424324,mentah
105.97554970707066,32.3970159896685,230.9665672151405,mentah
105.09423686065217,29.639122691870714,232.00899576466904,mentah
105.41286463531823,27.99113812408418,234.24993280675955,mentah
105.53313406528063,27.74454747592325,234.71804853575145,mentah
104.84944035496613,28.784710120065196,233.02147661874324,mentah
106.09750784418867,30.645148764175286,230.03963903459407,mentah
105.63654545780331,27.581631823515046,235.61849030227336,mentah
111.44088288931597,28.148340111278642,229.68890815463803,mentah
117.96401627768694,15.43705096665357,218.1178702165049,mentah
112.40461114856973,23.229006094178047,217.86886169009748,mentah
111.88970088555713,25.88829281387373,223.97926565917732,mentah
112.26998625607891,23.772457723008557,216.51995523105182,mentah
112.1756646158073,26.85941515003504,220.4559694308915,mentah
110.18078756118733,25.282094229145873,228.3222776948969,mentah
111.8495010777464,21.757111118706067,220.77590075442248,mentah
111.5919450734248,23.507824279555734,196.1282324096392,mentah
69.60918185271794,39.64960040246809,186.69181903567755,mentah
35.787154811770385,92.3066179066148,162.39164248839967,mentah
39.047524401350046,88.65426710325333,163.29785771368734,mentah
26.60245581643151,57.419253445977155,168.81069721001828,mentah
28.518342922624296,139.8990130050863,132.99795288485765,mentah
26.910552222432184,73.08732282940183,160.8518730939521,mentah
28.79973513807529,114.22936760545268,143.98125856245275,mentah
7.657187990362167,33.70675754703826,248.91813493966552,mentah
42.41182527216133,94.11849196179243,143.00627224269337,mentah
59.34445016914945,66.5820643023799,170.60967493189406,mentah
27.162180810788822,127.14269081475183,131.89507985389372,mentah
61.54862521783405,72.10295299639918,167.97775730662636,mentah
56.60404528323675,88.5828811800569,159.30235505178152,mentah
46.503301547277864,59.96710878120538,175.88817395688986,mentah
54.56633735670194,42.04930430891493,183.91851989638448,mentah
37.04969929715713,120.35586824911292,156.10631925416772,mentah
73.80850122916667,35.002237145833334,182.45264539583334,setengah_matang
81.61709058333334,27.183418,186.25679175,setengah_matang
77.376765,33.942135666666665,177.8927234375,setengah_matang
77.35827335416667,41.1341926875,186.45555464583333,setengah_matang
78.46130785416666,39.62164627083333,179.74677829166666,setengah_matang
79.53067708333333,39.23570225,185.76353975,setengah_matang
69.01899122916667,51.031945229166666,164.86532039583332,setengah_matang
76.00117129166667,42.37321627083333,184.4102448125,setengah_matang
73.4580405,33.88483497916667,174.26285752083334,setengah_matang
78.99766785416666,32.652199208333336,172.289921,setengah_matang
85.56604614583334,41.32704189583333,186.52226541666667,setengah_matang
75.75301354166666,31.494530270833334,177.87258075,setengah_matang
79.67206916666666,41.48449320833333,189.50845541666666,setengah_matang
78.86190425,37.76736777083333,189.50779547916667,setengah_matang
75.99229470833333,36.2127871875,189.7303651875,setengah_matang
74.305823625,38.46664072916667,190.61109410416665,setengah_matang
74.55918385416666,39.38069591666667,189.27583533333333,setengah_matang
75.42504483333333,35.85245045833334,188.39672777083334,setengah_matang
66.70764460416666,61.6281314375,184.48960622916667,setengah_matang
71.51113964583334,40.413099770833334,173.51023902083332,setengah_matang
72.279146875,54.8982043125,179.16645510416666,setengah_matang
71.16348722916666,53.96488108333333,178.77061314583332,setengah_matang
74.92230439583334,44.71142697916667,180.85231275,setengah_matang
73.8240805,40.7506208125,187.7188786875,setengah_matang
74.09043235416667,47.90260895833333,184.463602375,setengah_matang
79.30736539583333,55.016159020833335,176.47809602083333,setengah_matang
71.83403808333334,46.275205541666665,180.8320758125,setengah_matang
75.98120285416667,39.420318,181.42915260416666,setengah_matang
73.365664125,47.95388802083333,181.4852315,setengah_matang
79.79767125,35.0849960625,185.9345565625,setengah_matang
73.04102597916666,39.740943145833334,189.30494491666667,setengah_matang
74.64117608333333,38.43562683333333,189.14585860416668,setengah_matang
74.35008702083333,40.28717145833333,188.3598938125,setengah_matang
78.3441809375,37.69090479166667,187.59354214583334,setengah_matang
71.98877158333333,33.113418833333334,177.6689969375,setengah_matang
75.22022858333334,35.48942402083333,186.77169670833334,setengah_matang
73.85218835416667,33.54495410416666,187.701722875,setengah_matang
73.8656269375,33.896908395833336,187.96627383333333,setengah_matang
74.15460539583333,38.565303166666666,189.20057427083333,setengah_matang
74.1327055,36.04095475,188.90639575,setengah_matang
74.69498977083333,41.56525283333333,187.30217070833334,setengah_matang
74.33230427083333,30.7850683125,187.87222414583334,setengah_matang
74.78997695833333,42.68897825,183.18692041666668,setengah_matang
73.35015360416666,39.60504125,173.05618522916666,setengah_matang
76.28240114583333,37.5650898125,181.66972791666666,setengah_matang
74.98993466666667,40.342304479166664,180.97979025,setengah_matang
76.27222958333333,36.81269195833333,176.68555991666668,setengah_matang
76.1444124375,32.180867791666664,170.8862061875,setengah_matang
75.68139775,48.980850895833335,178.71073089583334,setengah_matang
81.8242350625,32.383877895833336,178.0130759375,setengah_matang
110.06615199409629,31.53681094576228,215.77913905383954,setengah_matang
116.35599659023339,22.253579491760284,161.0415542078564,setengah_matang
100.30618043425747,37.134410288894436,227.62747561466054,setengah_matang
96.11849279091189,41.04686819772134,232.6806438837892,setengah_matang
95.90893374779672,43.01793852133726,233.14919280179555,setengah_matang
96.24553422110259,40.19046927759137,231.188969375146,setengah_matang
96.14621879579094,41.93616891020196,231.5083157856665,setengah_matang
96.42047124195672,42.64475141155578,233.17618432648814,setengah_matang
98.07479229822782,38.49549141651978,233.80726274315657,setengah_matang
98.98594748773598,38.21955797797787,234.92529604844017,setengah_matang
96.77572049403788,41.70451930121685,231.92925364734865,setengah_matang
99.48294544307056,34.75090437124381,229.0003869832923,setengah_matang
110.36784881421352,29.22545795926331,221.45045925335535,setengah_matang
105.81490369300685,31.70563728060163,228.9425623055544,setengah_matang
111.63576800712481,27.8518273740948,226.638407374201,setengah_matang
106.19572254467604,29.859110955451378,226.70944000323854,setengah_matang
103.4671416758691,35.44510586004693,230.90033558461104,setengah_matang
104.17486609465587,33.73783014278813,232.6597886780883,setengah_matang
113.18694030519336,28.54272370205887,218.0885179692975,setengah_matang
111.28357911680541,26.38952668085965,226.74740202727813,setengah_matang
103.84017133778589,32.52298987688207,234.9603957233908,setengah_matang
106.14898110161079,29.632287977951325,229.26130920305167,setengah_matang
104.70841468416191,35.463684791034,225.73196906721847,setengah_matang
103.83417297232369,39.60280582381235,227.99848591231498,setengah_matang
102.99856322601882,33.256567600049905,239.61133123579816,setengah_matang
104.42778327674722,34.03866987579371,234.12503865685193,setengah_matang
100.64995067518423,37.99021658123447,230.67651796996114,setengah_matang
104.107031034318,35.09726528488606,232.5713148406475,setengah_matang
104.67452556594958,36.29668453619741,229.34298001523712,setengah_matang
103.97760416113636,36.79007960656948,235.25142341828771,setengah_matang
101.72046467195099,39.00138044779566,238.48620655500753,setengah_matang
103.13068720269065,37.42906318354605,235.41813947060353,setengah_matang
107.5161408118138,29.300114211917858,230.55196965785532,setengah_matang
107.23596880707278,30.709371482724205,227.8884706685744,setengah_matang
102.36664547452696,38.03852072339081,232.41158588988404,setengah_matang
108.00031116277157,34.206446502898764,230.95064872170252,setengah_matang
103.68681048121643,37.69455429479284,233.52435448034572,setengah_matang
104.05214908869375,36.50334995633269,233.3714120468687,setengah_matang
103.80839324868866,37.13408933747797,231.17691598621758,setengah_matang
106.40214316573403,32.729486318460786,231.4620774623585,setengah_matang
104.25633673734842,34.60883629271167,233.71102145007328,setengah_matang
105.4448059791034,35.082705505133895,230.97138181820594,setengah_matang
105.28973916081782,32.35400327372104,233.93577006439932,setengah_matang
103.83886272868929,30.90060294734439,230.6382937263745,setengah_matang
105.59909750353054,31.813583967991462,233.0154571828081,setengah_matang
105.9340654299571,33.019844901410096,235.0801320040243,setengah_matang
106.5230699280883,31.6955155729045,233.65630922959716,setengah_matang
106.42824724192486,31.480288240751555,228.8344718578118,setengah_matang
106.29023722034339,29.056827978004417,228.0575880911678,setengah_matang
106.31899335566693,33.551800845208014,230.58877570929516,setengah_matang
107.72941555817177,31.344412392623543,230.87709966433243,setengah_matang
106.43592029521226,29.233971011011064,231.78827011749027,setengah_matang
106.0303498594417,31.0376409896685,235.3275771677037,setengah_matang
107.22176340944807,31.968267121169486,229.35847427875936,setengah_matang
108.86686505540041,30.148838419668074,232.6465949120283,setengah_matang
107.65369574436174,28.424577246676506,232.23904741885048,setengah_matang
108.32926429872157,27.97145141713033,233.64022972124593,setengah_matang
109.29213065949585,27.398493660276284,234.36530484494787,setengah_matang
106.56437659936503,28.542534150757078,233.2411397002219,setengah_matang
106.789541148145,31.978737901898533,233.9156048752097,setengah_matang
104.17189457728982,35.64759990722356,235.31059436651873,setengah_matang
107.31032028446134,29.20993723321795,231.204716152525,setengah_matang
107.56666224795069,34.808260106527,228.25980656310392,setengah_matang
109.23242390738814,30.628950713675167,229.5770682411232,setengah_matang
108.34030555835758,28.72424217638408,227.65578595186773,setengah_matang
112.30523856752639,26.392205285470066,229.32401451573085,setengah_matang
110.49640491277157,29.393847123266582,229.13476881875278,setengah_matang
109.4759259062626,28.881475354514855,230.6892914049725,setengah_matang
109.45191543871711,29.616900974749942,232.00160707981163,setengah_matang
106.41336145052453,31.806202666095054,229.6426612870044,setengah_matang
106.2506254778186,34.149415866762936,234.10745360514133,setengah_matang
106.86076930121685,33.03983862340462,232.29186105698784,setengah_matang
98.15742637943575,31.768777109569115,237.15972604735182,setengah_matang
93.81620583164327,50.786050666689675,229.7727390221177,setengah_matang
97.22126153401007,32.127857039993415,239.67425339184842,setengah_matang
97.75201115175518,32.245756456523814,236.27207579994797,setengah_matang
97.34508822389517,30.95639498808108,240.67346026274714,setengah_matang
97.05129747658688,32.058478774899655,240.29045066257513,setengah_matang
98.39927758141498,29.180532143918963,241.79207118103486,setengah_matang
96.01299210338402,32.72376336232984,241.44332946986026,setengah_matang
98.1449513321848,35.1882156494882,240.26870975041942,setengah_matang
109.41325443906752,23.86982902389624,227.88958018658818,setengah_matang
74.13214206077852,20.875342685526345,243.81002297511097,setengah_matang
109.31371412378687,29.925400737167916,217.07099853468964,setengah_matang
106.59375174204698,36.850886253955274,238.0944898722366,setengah_matang
110.49969174064006,29.933602294325638,224.85288122955998,setengah_matang
109.1242448641137,30.925599911205378,231.33557108945294,setengah_matang
109.97452613004099,31.744484928141393,234.3483072778409,setengah_matang
110.67118199712247,31.86491827642868,232.28945860830024,setengah_matang
108.94141363296099,32.753515699659154,228.36316444989808,setengah_matang
108.46292467787063,36.37983069626134,193.85564701947376,setengah_matang
109.68662018332307,31.597038735824714,212.2449891263087,setengah_matang
108.52614571940899,32.376178868074284,225.54195462979678,setengah_matang
108.93020580045234,30.673598216276623,208.00212886435793,setengah_matang
110.43026561073181,30.46898675247935,217.57744634827137,setengah_matang
106.27606989888828,33.921692665749966,208.65525479344964,setengah_matang
107.01462041957782,35.92353616622247,226.86233988099661,setengah_matang
106.54880784259593,36.83371564351547,227.7314273735639,setengah_matang
109.40355911810614,31.54526285995668,226.1108146773928,setengah_matang
110.42963457495381,30.087916714227315,223.99019335394146,setengah_matang
109.84460128028839,30.945028048615388,217.40124825131664,setengah_matang
103.66848248794835,34.75272937283654,244.8612021584128,setengah_matang
104.6179895882,32.08812932691287,230.87702973358958,setengah_matang
101.54651555764084,41.04975385705791,241.23622065729256,setengah_matang
105.0010460577311,33.99976913729852,236.55738352508016,setengah_matang
104.15953209945529,33.0087376928529,239.69908701806685,setengah_matang
106.05024362112171,33.36932150754423,230.98864542077237,setengah_matang
103.8944680385812,36.57430651598569,242.05771949128246,setengah_matang
102.550323008691,36.1609694541188,242.5789860689333,setengah_matang
103.28145473199686,40.14186118971522,238.89365881628405,setengah_matang
106.58006439601074,38.22393101361252,236.20571484316932,setengah_matang
103.6925773203402,38.78705665734036,235.64900847663466,setengah_matang
102.73456289220944,41.90367260002336,238.68601171120113,setengah_matang
104.82758985976024,37.936374720608846,231.85693887173755,setengah_matang
104.57432028645225,38.40748643857907,238.30698559177833,setengah_matang
103.795669586448,37.25067865172864,235.33903419588438,setengah_matang
106.40285392089979,33.886564869183886,235.234302497664,setengah_matang
106.54486185733398,34.709811805835756,232.28856543592983,setengah_matang
107.13792034763958,33.31071730526237,223.88360820069443,setengah_matang
105.93071323384973,36.17905123808108,234.50463799268405,setengah_matang
106.21500003650003,34.61858428985538,230.97629978272528,setengah_matang
105.19043120142177,37.169419875130075,225.9616025471713,setengah_matang
104.62015005826733,37.0779112259498,235.79147838733567,setengah_matang
109.27422490523264,32.51753785053303,237.72234649745695,setengah_matang
106.06120010113827,34.094479751773235,232.72172392304998,setengah_matang
108.17843944777442,30.5853096994521,234.27804065174456,setengah_matang
109.34737967930408,28.403395282735882,231.30496987751917,setengah_matang
111.1453867609739,26.523688188855147,230.27323326573085,setengah_matang
109.05956158152647,30.803907975456053,235.20302147263692,setengah_matang
106.71257577074795,31.11433908728684,232.9885195786171,setengah_matang
106.79966484675296,31.647884773381257,229.12764301707935,setengah_matang
108.99969315086857,31.681826567775914,233.10498894049036,setengah_matang
106.53791391036123,32.98757082665272,232.00403317056532,setengah_matang
108.75175880380769,27.053659111602496,236.07794938507402,setengah_matang
105.29869701522648,34.842322433981394,235.70538650879186,setengah_matang
107.92386723810232,27.390092182489543,236.84573220059355,setengah_matang
105.5296904531844,33.48761794487566,238.85211489480028,setengah_matang
105.80196103057509,31.95465501497165,238.0056980697456,setengah_matang
106.6246384837754,31.18844858605513,237.13141280673298,setengah_matang
106.28677494345813,33.56066330180615,236.83074843978955,setengah_matang
105.91818468087027,33.943986636342885,238.85407129650767,setengah_matang
105.80876339219351,32.7710708047527,235.20414608839113,setengah_matang
105.89771903005479,33.09776234895623,238.0638833512073,setengah_matang
108.18656617986684,31.34229721577757,229.22482302461827,setengah_matang
107.42606462297458,33.11918728697254,227.69153474670304,setengah_matang
107.8102020741309,32.95263656321009,227.54634400749114,setengah_matang
107.90142842874663,32.81648414438616,231.29080927538809,setengah_matang
110.23816196125954,29.743261430482704,227.67747344124956,setengah_matang
108.26286277713479,33.26437802618446,227.53863802122046,setengah_matang
109.10827966722589,29.958024050866445,225.9016261925556,setengah_matang
108.1236309999416,31.20925584398692,229.95977182170995,setengah_matang
109.47858700744867,30.68770581040689,226.12005673432225,setengah_matang
111.8511568519187,23.986813202127884,237.0791868191085,setengah_matang
113.75064538692688,22.09559084592474,232.37726831107054,setengah_matang
110.16312478099981,24.451372749607128,236.00199895742637,setengah_matang
112.29441498080762,24.19484148367984,233.771036876314,setengah_matang
112.20802786677886,22.784896353182273,232.75604797232367,setengah_matang
113.38248823039882,20.561617528775297,233.21502235129225,setengah_matang
112.6981332058708,22.290828852677908,234.8728089196787,setengah_matang
110.61342517626197,25.0231842395517,233.8124474897269,setengah_matang
111.86878479116673,23.61147756774406,235.2492086129457,setengah_matang
111.37270099572086,24.930148893584487,232.31092867362867,setengah_matang
113.75403997284397,22.591197403454096,233.48953013177174,setengah_matang
115.8225662940124,23.429326564457728,235.58014801426555,setengah_matang
112.03014131153242,22.714333662054834,237.55048078837413,setengah_matang
109.49081377152838,25.09752991011701,239.06833809714053,setengah_matang
112.5061270280745,23.611995204559452,238.2894574469356,setengah_matang
112.56600267578415,22.346297785178066,237.10293083642145,setengah_matang
113.42701511698591,24.74520920490985,236.45545104748456,setengah_matang
113.89623887080847,24.38373404284971,236.40037407555374,setengah_matang
111.61880843323281,25.257854475036634,237.214708948746,setengah_matang
113.54014323276137,24.816061822426683,235.02702951790758,setengah_matang
111.91135958968655,24.47532697392172,229.19600384378518,setengah_matang
112.09457100185287,23.0332983983786,237.390047801769,setengah_matang
110.8797608484731,24.342325586256877,237.28207954617852,setengah_matang
109.0903897572947,26.186366922874768,237.66200273683876,setengah_matang
109.71902026614497,26.17137669161057,237.0790905917518,setengah_matang
108.93358578635669,27.039159888721358,237.61748688321583,setengah_matang
107.86889271512455,27.873564885111172,238.6042619262195,setengah_matang
111.13400547035931,24.628089147014165,237.59985454737307,setengah_matang
113.06555098788995,23.889561853617618,236.3618690305857,setengah_matang
112.44925856821656,23.331687817882095,236.70163488619954,setengah_matang
25.789671631577015,151.43669493260268,165.35588522638994,setengah_matang
19.70461588377635,123.42440010340556,184.802538275148,setengah_matang
24.6737,159.6792,221.9461,setengah_matang
25.8285,155.5712,222.6984,setengah_matang
26.341,155.7711,222.7274,setengah_matang
25.5944,154.7142,222.8511,setengah_matang
25.465,156.1835,222.562,setengah_matang
26.3817,155.0741,222.7264,setengah_matang
25.3491,150.6151,222.9858,setengah_matang
26.5867,150.6566,223.0678,setengah_matang
25.2921,154.7448,221.1206,setengah_matang
25.330230510414044,61.6245183210244,190.73355935256046,setengah_matang
25.5704,155.4174,221.0997,setengah_matang
25.1749,152.8954,221.4743,setengah_matang
25.1251,155.0145,220.6104,setengah_matang
25.8345,151.6606,221.0781,setengah_matang
24.6362,153.0471,220.4366,setengah_matang
25.9052,154.7046,219.3656,setengah_matang
24.4605,153.7194,219.1152,setengah_matang
23.6876,152.2217,218.7354,setengah_matang
23.553,155.7498,218.2654,setengah_matang
22.9571,155.4677,218.3754,setengah_matang
25.63227882298753,58.27206061822877,194.49967948213236,setengah_matang
23.9348,155.415,218.7915,setengah_matang
23.0867,157.8234,218.3956,setengah_matang
23.7266,158.8775,218.505,setengah_matang
24.1899,158.6932,219.0192,setengah_matang
23.9304,158.8494,218.8848,setengah_matang
23.7342,158.692,219.3027,setengah_matang
24.3199,157.7612,219.7718,setengah_matang
24.3503,158.8161,219.5823,setengah_matang
25.3296,158.3274,219.9765,setengah_matang
24.7742,159.2841,219.8179,setengah_matang
21.560035424277736,113.3778363534843,190.89542103975077,setengah_matang
24.8152,158.6204,220.1952,setengah_matang
24.5444,160.0563,219.9177,setengah_matang
24.3503,159.3285,220.2989,setengah_matang
24.5473,158.5967,220.5255,setengah_matang
23.6179,161.3633,220.1726,setengah_matang
24.7756,159.2111,220.5428,setengah_matang
24.829,158.209,220.8435,setengah_matang
23.4035,162.2337,220.394,setengah_matang
22.6068,162.0285,220.395,setengah_matang
22.5087,162.1549,220.618,setengah_matang
22.601523624496096,85.70405432138134,187.5358961968275,setengah_matang
23.0063,163.3003,220.2613,setengah_matang
23.741,164.3445,220.3194,setengah_matang
23.1333,166.1932,219.9203,setengah_matang
23.8314,167.3039,217.5808,setengah_matang
23.9627,167.4765,217.5829,setengah_matang
23.556,168.3246,217.7608,setengah_matang
22.7846,167.9701,217.9832,setengah_matang
23.6236,168.9755,218.0803,setengah_matang
23.5394,169.7355,217.9601,setengah_matang
23.1975,169.7514,218.262,setengah_matang
22.306956714012767,102.26456469933653,189.1745756992998,setengah_matang
23.5754,171.2066,218.1014,setengah_matang
23.9233,172.4777,218.1295,setengah_matang
23.6073,173.0474,218.1781,setengah_matang
22.6663,173.4813,218.4805,setengah_matang
23.4076,174.0397,218.3486,setengah_matang
22.8023,174.4455,218.6372,setengah_matang
23.9085,174.851,218.5728,setengah_matang
23.5189,173.5204,219.1322,setengah_matang
23.6877,175.4629,218.7744,setengah_matang
23.8365,175.521,218.9643,setengah_matang
26.537807739801167,51.631229102366255,198.00016247336126,setengah_matang
23.8971,168.4139,219.7633,setengah_matang
23.2649,167.5586,219.5287,setengah_matang
23.8407,166.3058,219.2972,setengah_matang
23.446,165.5089,219.2302,setengah_matang
23.0201,164.4218,219.2221,setengah_matang
22.6239,163.8667,218.9692,setengah_matang
22.6857,162.996,219.0419,setengah_matang
21.5085,162.3517,218.9377,setengah_matang
22.9679,161.7544,218.9541,setengah_matang
24.145292520943563,56.54571324575355,183.11450804280045,setengah_matang
22.5941,161.434,218.5291,setengah_matang
21.6842,160.8952,218.5554,setengah_matang
24.8653,176.0966,219.8368,setengah_matang
17.62036389111972,107.74747136991371,175.48815625787353,setengah_matang
21.363406488173972,102.19750880193898,179.52389949517615,setengah_matang
23.693901253595573,119.02908297771269,179.07009294362035,setengah_matang
17.76064056988536,141.21803137728858,168.08770978009258,setengah_matang
22.130283541850382,80.6488776789651,174.06862067743765,setengah_matang
22.46298600941148,82.53574553374591,177.37297830976527,setengah_matang
22.725384588634835,83.01556242192093,178.12597951506993,setengah_matang
12.24560985659696,173.2480077534486,172.7328721419123,setengah_matang
16.55209342128055,133.7487958435689,169.39677667942178,setengah_matang
22.794117955824305,76.93231864987507,182.4269516159087,setengah_matang
27.766757392578945,48.38568699084572,185.6869846945337,setengah_matang
22.124799389277317,80.80894805839003,176.49925119546276,setengah_matang
22.392390226731123,95.42718577110628,182.47256939523496,setengah_matang
21.988923515972747,157.6275337150678,179.33637013350864,setengah_matang
23.009327578446502,113.91494827097506,178.02461729772926,setengah_matang
23.30424379435416,110.2473695882674,169.1916253963005,setengah_matang
27.52110144308495,63.04214014405917,181.7407813385771,setengah_matang
17.070103113583396,89.5399399053603,183.4805086917097,setengah_matang
16.802705341395818,100.51601309891241,178.6442724900531,setengah_matang
15.74580948312967,104.88112330194423,174.23401158785273,setengah_matang
14.669945659590997,93.7077791523631,168.28552934001533,setengah_matang
16.219567615819475,76.00538770195578,171.30156236877468,setengah_matang
20.518042662666918,101.17658869585642,156.0219319353899,setengah_matang
22.169035365882465,82.2539913824326,163.56575209173175,setengah_matang
26.519175137261694,78.15882316468254,194.57834422831633,setengah_matang
24.219984338256907,72.12761843742126,167.72166467860293,setengah_matang
15.391414402373604,162.02714346734064,136.8209253222894,setengah_matang
22.680781099090872,85.33433605888342,162.27280958679768,setengah_matang
16.016977933148567,174.2557567731954,133.1360826352146,setengah_matang
23.7325,159.3702,218.5909,setengah_matang
26.3839,149.0849,224.3122,setengah_matang
24.8491,151.8173,218.1636,setengah_matang
24.8306,153.2997,217.3327,setengah_matang
23.8387,157.2488,216.2222,setengah_matang
24.4665,156.94,215.7005,setengah_matang
24.545984800170068,87.43560092343265,193.26270474432056,setengah_matang
24.1488,159.6028,214.618,setengah_matang
24.8117,160.9675,213.8487,setengah_matang
24.8034,161.8233,213.3675,setengah_matang
24.0322,162.4659,213.2573,setengah_matang
23.1926,166.2037,212.2891,setengah_matang
23.8916,163.8943,212.9303,setengah_matang
23.2052,164.3949,212.61,setengah_matang
22.6665,164.9004,212.5743,setengah_matang
23.1095,165.4522,212.4151,setengah_matang
23.3875,164.3508,212.6848,setengah_matang
25.481446706769127,71.84721918763647,195.3075043337165,setengah_matang
22.9932,166.4594,211.9944,setengah_matang
23.2291,167.6507,212.2798,setengah_matang
25.2921,161.0127,223.2186,setengah_matang
25.0376,164.4313,222.7303,setengah_matang
24.0024,178.8262,217.9747,setengah_matang
23.4584,178.9417,217.9505,setengah_matang
23.6311,180.2241,217.9542,setengah_matang
23.7383,178.192,218.1332,setengah_matang
22.9058,178.2902,218.376,setengah_matang
23.9804,175.7363,218.931,setengah_matang
25.421696779599184,73.29007309906987,197.81119898287247,setengah_matang
24.6925,155.8428,216.0436,setengah_matang
24.5215,177.504,220.0253,setengah_matang
22.8113,174.3398,220.5213,setengah_matang
23.7269,173.9097,220.8186,setengah_matang
22.2472,173.6785,220.9449,setengah_matang
24.3102,171.9919,221.423,setengah_matang
25.7482,170.9574,221.265,setengah_matang
24.0983,155.8994,223.7619,setengah_matang
24.4154,154.6611,224.0762,setengah_matang
24.2543,153.3387,224.2072,setengah_matang
26.57710685547367,60.31096031680419,193.63517816463005,setengah_matang
26.0966,152.156,224.4504,setengah_matang
25.0364,151.0574,224.5649,setengah_matang
26.2598,149.9649,224.6701,setengah_matang
25.6849,150.9113,223.7112,setengah_matang
26.1417,149.1391,223.69,setengah_matang
25.8954,147.2829,222.9962,setengah_matang
28.2265,147.3574,223.6533,setengah_matang
27.0974,147.3134,222.4741,setengah_matang
25.7173,147.2643,221.8758,setengah_matang
26.2288,146.1277,221.6369,setengah_matang
26.406127796411774,63.08496011734169,192.7739794606114,setengah_matang
25.5858,148.1822,220.5181,setengah_matang
25.4617,148.7927,219.9888,setengah_matang
25.0926,150.0918,219.0579,setengah_matang
21.7786,161.5983,216.6199,setengah_matang
21.7095,161.6278,216.2026,setengah_matang
23.8439,161.3881,220.9649,setengah_matang
24.3479,160.1324,221.5155,setengah_matang
24.3693,160.4863,221.5073,setengah_matang
24.7356,159.2098,221.9579,setengah_matang
24.9976,159.4835,221.8893,setengah_matang
29.207388,64.05461458333333,193.61549116666666,matang
32.3971768125,58.38784008333333,170.23146552083332,matang
34.723189,49.655595041666665,166.50858860416668,matang
35.18551164583333,54.76137658333333,167.4667468125,matang
36.43328833333333,58.368542375,170.49739522916667,matang
30.4043914375,65.15451266666666,163.70895691666666,matang
35.57335666666667,54.54764133333333,168.47697564583333,matang
36.90888977083333,63.26717175,164.30450339583334,matang
39.13499375,74.07031358333333,167.77235010416666,matang
35.8696679375,67.53390345833333,163.50768622916667,matang
36.0632551875,66.00634404166667,164.22379827083333,matang
33.80840583333333,60.188688041666666,192.46788839583334,matang
35.99109664583333,70.1154103125,176.36342133333332,matang
36.716409,52.09837075,159.35551285416668,matang
35.448848875,55.682171708333335,159.27365022916666,matang
35.406177916666664,70.54808554166667,167.46674566666667,matang
34.1039441875,65.6687063125,172.63917058333334,matang
47.52739866666667,77.51893145833333,174.475666625,matang
43.22784747916667,63.6103684375,169.33697754166667,matang
37.547066541666666,55.730150625,165.75274722916666,matang
36.44586310416667,53.60798627083334,166.86927339583335,matang
41.20254704166667,63.21932060416667,171.0319429375,matang
35.21676133333333,66.71896764583333,175.89550916666667,matang
40.953363020833336,62.2460331875,166.419954375,matang
45.524725520833336,66.20023797916667,167.2975288125,matang
41.7041289375,54.23432072916667,155.53354191666668,matang
46.56291779166666,69.1313899375,161.1278066875,matang
43.127764604166664,75.3639954375,158.40974710416666,matang
41.19677464583334,69.8044615,170.5063436875,matang
37.628189604166664,49.366345208333335,155.30725891666665,matang
43.8567038125,71.41354245833334,173.3127841875,matang
41.019999,59.04088120833333,170.31193970833334,matang
40.4775111875,60.20226495833333,169.14590208333334,matang
50.049041125,62.3278895,164.79497725,matang
40.52478945833333,58.77311335416667,169.17717835416667,matang
42.973103270833334,71.88905714583333,155.8225124375,matang
35.45054175,56.026445458333335,160.0842339375,matang
34.31979166666667,51.3394544375,158.311258125,matang
34.838031479166666,51.692060166666664,155.54970702083332,matang
33.955947020833335,60.9034799375,158.95233325,matang
36.093145416666665,57.6951780625,167.49499575,matang
35.023585875,50.39858891666667,165.56792339583333,matang
32.81213564583334,58.420576375,159.4028080625,matang
37.544716208333334,56.614614145833336,169.71562770833333,matang
35.7154481875,68.75032922916667,174.37484714583334,matang
33.8668749375,43.62542975,153.8946523125,matang
48.52748622916667,65.2719496875,174.85350170833334,matang
31.316893520833332,76.09208008333333,180.3264448125,matang
47.91459714583333,80.9217475,184.60701560416666,matang
35.04264514583333,60.417307270833334,170.45936404166667,matang
40.57312798190821,16.078262071587027,179.80986238775554,matang
101.70062707054726,78.19278064210856,205.1476493481758,matang
102.64723183758414,79.84268809793689,200.31837451421777,matang
102.61045349298668,64.84129570467626,180.73481324924612,matang
99.9154477591635,71.24405124139926,186.90578827459703,matang
110.5731922695587,56.382830667061306,195.30989364886173,matang
101.81912019327763,77.52880930923358,232.76414185438745,matang
105.4771649468611,80.15243238543046,206.70154662908806,matang
111.60933584542038,27.958474909214466,212.78255786250503,matang
112.68137828102104,26.58626102300962,209.55979849991505,matang
109.69100018714562,26.999837574858248,207.8990168550511,matang
111.22975948801736,26.977486116715156,213.7171719543046,matang
109.47185399589075,30.006608579631123,212.7042169316348,matang
111.02158454270105,27.5965683831415,209.3973950922721,matang
109.74158881652296,27.99242873202871,206.8078139765922,matang
112.19567799804625,27.42855019218926,204.70721101265687,matang
111.69620824396355,27.398661643377434,206.99269518226126,matang
109.98065033765847,27.652144575962538,207.84139707521928,matang
112.13425483194058,26.83043677929028,224.2850829181178,matang
111.54610650842022,27.13018300452335,225.5641832321508,matang
111.9043187335418,26.95508123579817,223.24264457994437,matang
111.689600410924,25.567775333013017,226.15545380157786,matang
112.27848263394849,26.44378057707214,226.67034830321307,matang
111.34937506968188,26.87762451819958,224.66343926195609,matang
111.96681931422413,27.565972729167108,225.91047197527556,matang
110.11253598571322,28.605704755887785,223.83012951538575,matang
111.86086677289282,27.51122923480006,226.47964335155237,matang
111.62392548883497,27.611032682128524,226.54759172789824,matang
113.26717301612372,25.443830515752087,222.56281481277475,matang
116.2756294928221,24.494565808893796,225.64200669211493,matang
113.52446539066979,25.361566909867484,224.3302937655291,matang
112.2863714521969,25.805161668595638,227.84938494128141,matang
110.76247139724777,27.06192056199431,228.94673185351144,matang
112.54625259150227,25.664692374413345,226.0006036607541,matang
110.84568143236743,25.919226507915862,226.2535804872157,matang
113.4155425762917,23.200616120537706,228.1268268265943,matang
115.14121679824375,23.728449800510734,226.458496062642,matang
115.69576501744038,24.52707846113211,227.3823083847873,matang
111.02888985816752,21.516460601865617,239.93626181937395,matang
105.03276076950031,25.01037181586995,242.7302168997802,matang
105.31025524804095,22.809696963462805,244.23428325219265,matang
105.81961261188918,21.583299709061563,242.3399548262333,matang
105.61053877033383,25.30355168537238,243.08247397879546,matang
105.53564568224532,24.77748975012742,242.9293273110493,matang
105.37966462111639,22.028519465798805,240.17175894648963,matang
104.81100441119476,24.12287967996772,242.78321984035549,matang
104.61689218156044,24.376530180880884,242.71479298177388,matang
105.62132204110833,23.85866432778887,242.01053755919642,matang
113.03496213619422,26.5185321445826,196.62499734545221,matang
111.1774304707575,28.443200475429506,199.8102526764478,matang
112.95820663398034,26.582511972010447,194.5003782730574,matang
113.88560840244006,26.676592629117202,201.74620698305336,matang
113.06539495025378,27.093200093838263,202.36105458214763,matang
114.97048126287456,25.61984403868207,200.2370975705579,matang
110.82759491999192,29.763286011595063,200.07340222769648,matang
109.99986735556605,31.386403107679076,203.5838450527193,matang
111.18285097435177,29.143527665033236,201.0819280544554,matang
111.8375788400688,24.770194389215103,219.78023347411286,matang
108.15654631389496,28.850401135350083,230.98228645158636,matang
106.80703669182293,28.700324618010576,228.07775245081123,matang
109.6746674183461,25.511718086363057,228.6188084332328,matang
107.77884672176623,28.137069067351185,228.64092197753192,matang
108.17693780328209,27.97659344207246,228.4267937111109,matang
109.24849520323218,27.521775172412877,229.8449564090074,matang
109.29236641651978,26.91258773280384,228.97079026882605,matang
108.60233256771751,29.506630147831764,229.73856528661153,matang
108.16969619696214,28.113206259025464,231.42179005447133,matang
110.92480246846397,28.052932595059357,217.40308254382657,matang
110.85372462915967,25.805491910929305,211.7627331190671,matang
111.0332691153985,26.45444920456476,218.4911692320659,matang
111.2159251463983,27.992145690872604,220.3616161849105,matang
111.35945065461148,27.297339545859966,217.33714299650663,matang
111.81102100211832,25.590730700774067,217.09084625655674,matang
111.07117597461722,25.156802975482595,215.7887887497611,matang
110.28390546027204,26.638378920767057,217.16623732121622,matang
111.22183375496401,26.22727126425492,217.1101487177207,matang
109.7901317850241,26.454468781854573,234.40583647123,matang
109.606423225833,27.6608913938234,232.3395193974442,matang
109.80860652501114,26.517694219987682,234.06084887128628,matang
109.8130790232326,26.523612866062138,234.12820246302215,matang
110.57560890348596,25.518130395368345,233.3126283307938,matang
110.27285167448873,26.87416995609378,234.62124563990528,matang
110.15235246023488,27.267550127816474,234.44281116940792,matang
109.56533580361125,27.54482950503302,234.82010834868547,matang
109.61457924090551,27.757489972445793,234.53220041105672,matang
111.06268830698252,26.057469714928114,232.67741155710462,matang
106.29091180729576,27.865472745094397,232.878368123394,matang
107.7107530089299,27.7018749568636,236.3940034097666,matang
106.56200841093461,28.52368462180658,236.3698771375746,matang
106.28434453906432,28.468801182999215,236.24216427270702,matang
106.8788035521831,28.666610036314214,235.25558964806007,matang
106.64593293417784,28.736048858279002,235.5160018628289,matang
106.63010137717939,28.29646537009705,235.21431698817665,matang
106.83393132552189,27.387700766766123,231.71031733127694,matang
103.84826911871669,36.59790901272059,236.04442535013484,matang
106.22133337270913,31.01433630001168,236.21876708865128,matang
105.56826161298287,31.49354339322878,235.4057272199983,matang
104.99924420047675,33.32046181831213,235.7078801246045,matang
105.0013675898299,33.1556370483287,236.4913450129011,matang
104.85849493445922,33.2800529648644,236.41243526221623,matang
105.03628683848669,33.31943956855635,235.10839937073945,matang
104.7914533350411,33.327463022149544,236.13389306685212,matang
104.83537274496167,40.32556385912846,237.87957569376607,matang
106.7937870973051,36.260348256758476,234.6145345283665,matang
105.17608494685595,30.303104559982163,234.36392132783135,matang
103.59540569121769,38.65210757820298,232.7636138482448,matang
104.6144741374047,33.24650055944594,231.77715909302066,matang
104.25550967980845,32.077498360816755,234.81054376420184,matang
104.84991195196861,33.282557945459665,235.7159371748179,matang
104.59484508391026,32.20085527870097,235.71982865889592,matang
104.63027118528213,31.665570697907153,235.66827111958207,matang
104.85306381267387,31.323839813305653,233.43166820741044,matang
105.42289376566183,29.337184059042453,227.78650567276858,matang
106.01115598587249,27.74129524013039,229.6368845762811,matang
104.34796799345389,31.04774063143728,227.26794225429506,matang
106.0830400611077,30.205233208658072,227.9450384179426,matang
105.64765274931513,31.499116616274502,221.73803255205567,matang
104.61026485418569,29.355700939975367,230.1355723171813,matang
105.7700502970439,28.02640594804519,229.08071583862474,matang
105.3391931369322,28.113097588476077,230.40280812995073,matang
104.56426917313492,29.1776790857472,227.31069938706491,matang
105.65032131641678,27.640314832683853,228.94347215180298,matang
19.615442449163307,75.19067179823318,168.8762509874706,matang
22.68855250915953,66.33341944995591,175.4751747921391,matang
94.67431032754011,72.03584466911765,165.115856032754,matang
103.08256684491978,57.188582887700534,175.3885151236631,matang
112.65811923462567,39.6331239973262,183.61094385026738,matang
112.0841384525401,40.59215132018716,183.16778450868983,matang
104.50052899398396,49.17802022058824,176.5598114973262,matang
65.81314563836898,115.83449331550803,194.92368440842245,matang
93.0517511697861,61.68852799131016,200.6952659592246,matang
97.26866051136363,55.00924924799465,199.32164939839572,matang
90.59863602941176,65.94413009692514,197.36876821524064,matang
70.01127757352941,116.90995304144386,191.69423679812834,matang
20.09380855930335,84.80026897911942,170.54121804007096,matang
91.22517772393049,70.70620078542781,200.35992212566845,matang
102.54709734291444,47.90860670120321,200.74500275735295,matang
84.37915282419786,97.22990365975936,186.9029801971925,matang
98.41855080213904,73.21312157419786,205.00617922794117,matang
84.58503810160428,98.2021381183155,195.78598562834225,matang
99.39931509024065,61.71434141042781,199.33765106951873,matang
107.45939797794118,46.20104261363636,201.79497760695187,matang
102.06440015040107,57.68030782085562,198.14109675802138,matang
99.68192655414438,61.6329991644385,197.56613870320857,matang
96.99821072860962,69.85896181483957,198.8531675300802,matang
14.170330395854329,144.1760149951184,154.96241829582914,matang
111.75536129679145,41.28402506684492,186.84000676804814,matang
98.39845939171123,70.32205389371657,178.5229882185829,matang
94.0374215407754,71.24359090909091,193.37261739639038,matang
94.35777556818182,79.93385327540106,193.26963978943851,matang
90.21787341243315,88.12662199197861,201.3201916778075,matang
97.39917212566844,73.24260093582888,196.05365599933154,matang
97.18347334558824,78.97737057152406,195.74049623997325,matang
96.3912200868984,64.9400166276738,185.78243173462567,matang
99.30802623663102,65.50774147727273,174.99042538435828,matang
94.28571524064171,79.82059132687166,197.14617446524065,matang
11.343357636264383,137.01347372475226,179.4062682075145,matang
104.37835528074866,49.897538602941175,203.20634249665775,matang
104.81497819184492,51.90042312834225,180.80430681818183,matang
92.67475416666667,97.46570683333333,184.8350185,matang
92.41957583333334,97.27919641666666,185.3103105,matang
87.14036883333333,92.51447275,189.28907166666667,matang
69.83227341666667,124.39864683333333,173.91036216666666,matang
85.34879341666667,94.93385233333333,189.46421341666667,matang
79.73609925,106.25939866666667,183.35841641666667,matang
85.9884115,93.08685341666667,191.48321483333334,matang
93.04273066666667,75.54520983333333,193.62971016666665,matang
24.38139223185416,48.003212888164526,186.61376784992547,matang
68.77568041666666,124.33785108333333,162.98275916666665,matang
75.00064608333334,110.01919258333334,172.1217295,matang
82.38827641666667,99.31216083333334,177.97351966666668,matang
99.19875141666667,82.42144266666666,199.29677208333334,matang
91.92848933333333,101.78356266666667,186.50996891666668,matang
102.04626408333333,68.3568635,209.07991383333334,matang
87.40096383333334,70.68432675,215.03204316666665,matang
110.95265375,97.66197175,193.9337075,matang
110.86263458333333,119.81456191666666,181.18495433333334,matang
110.74514191666667,101.37760883333333,192.41994041666666,matang
12.128179507721299,128.22380086293776,176.76385304797074,matang
110.85574916666667,58.264337,215.933466,matang
111.85889416666667,87.68252083333333,199.62822066666666,matang
107.24697841666666,68.332764,194.37896816666668,matang
104.82295183333333,84.93990708333334,182.6946585,matang
110.85672008333333,63.64282025,195.9937035,matang
108.53312391666667,99.43003583333333,179.76534075,matang
109.0805525,62.51164575,210.86871791666667,matang
110.23330458333334,80.77537925,197.29726558333334,matang
109.04826808333334,54.410369833333334,216.27153891666666,matang
110.25991466666666,54.831058,217.604384,matang
22.556129338309397,59.697916584650834,180.37327832367515,matang
110.13984375,67.46404858333334,211.10634433333334,matang
109.9246075,69.27240358333333,210.32019466666668,matang
101.52746641666667,63.41885491666667,198.73677191666667,matang
86.03255491666667,88.061241,187.87235283333334,matang
95.59657908333334,75.64364941666666,208.14843841666666,matang
102.38643116666667,54.896966666666664,219.77047191666668,matang
109.99602833333333,65.53170441666667,211.1049255,matang
112.46854708333333,63.63292775,213.29781458333332,matang
23.642188549802636,126.59623073284098,168.08343495094798,matang
111.60027657085561,35.7883449197861,204.77123621323528,matang
25.204864719807677,78.2719777002236,159.92110134466594,matang
33.476624914047406,60.5955931417706,168.15327791031535,matang
37.909216348576464,52.43763581821617,170.9111436385897,matang
22.005554768203577,64.6669541321544,180.62344112509973,matang
38.93709361155728,53.15049175051965,169.1214855396248,matang
16.22644054245927,107.24770281858885,180.98786510167338,matang
13.92716239659444,118.76435801944234,177.7650330917475,matang
19.119613692313344,96.51179732116611,186.85313539960737,matang
9.841818691211053,159.39766351660262,186.1598646837207,matang
16.559626903423407,96.45063147268938,174.15422568525867,matang
14.373767466091374,109.2569874207399,172.88322397342424,matang
21.545167430398084,62.168592316363274,179.83152094749937,matang
22.588766472059504,56.96685535228752,180.8407246000252,matang
23.282174810510625,53.31272464136117,180.61345807613168,matang
18.086703937940918,86.57710193452381,170.3740007191148,matang
20.648296022691483,70.82709045230746,174.21512071746136,matang
21.918649399381668,62.60634566326531,175.8019947562358,matang
19.71021412037037,77.91444723626333,173.96349426151633,matang
20.437729234247712,73.0474774882947,175.12717719225034,matang
20.743518534921684,70.65195835761001,178.51774338689953,matang
15.911858980667885,96.22664476187852,173.9791924196376,matang
11.602622800663475,140.7438210093065,164.07730508773724,matang
20.68345932605295,76.18059443105946,181.52914719610837,matang
13.690788014665744,122.86468798553372,170.5819474298207,matang
21.26280980660011,67.96340502829219,178.63372312177185,matang
20.414294440770135,73.50071550610986,178.43307959275532,matang
13.950708977649702,123.76284966629399,174.46487499803163,matang
15.898473258902326,106.73926002692744,168.87158797739775,matang
20.233451583758505,70.67888194050768,172.81191399688734,matang
17.79997126165281,95.19305403006109,171.8316193664966,matang
18.57783876474973,79.21529803568804,181.1529687106324,matang
15.859109432739144,95.66308241081927,174.49686847153984,matang
63.774989075491305,30.406949102943646,171.70906942541677,matang
19.19716064473629,59.710745500939574,178.19019955107814,matang
18.036712254346185,75.9484116322069,179.26418127532648,matang
31.25590103904216,96.35350717736941,171.1167645443594,matang
17.70724178463824,63.164747824284035,181.81161168653418,matang
57.25148325630406,48.7209481883031,177.80231511007182,matang
41.913203466185855,80.89128293099647,176.10193107914463,matang
16.935473470831234,128.1573967453494,170.17147016985805,matang
22.18258429915176,67.40829818134816,178.5032212537793,matang
16.57010106318762,107.62614403882695,173.1600134604382,matang
19.206474280491516,89.67746347671013,182.21812651565256,matang
15.68974706973839,96.83595898814772,176.8918978856975,matang
14.258129245139413,111.80430128745171,177.36597079514675,matang
10.301135968469177,149.9375574110817,176.40565399095595,matang
13.799308983817292,117.4860085093065,179.89910699522864,matang
17.344371351935838,79.05609046280549,181.65508775365856,matang
19.271926604360882,82.92406859541656,176.47152074081947,matang
20.218601961425,78.58828659743219,181.0112801293357,matang
11.386090180671033,137.98542152200386,169.10731837102125,matang
20.383647667207317,76.60732345600277,186.52284272119343,matang
22.896408510356302,59.223434580236415,189.74508487326258,matang
12.412572190334467,131.82415420354099,180.2967021106282,matang
17.968182532465146,91.50266247992252,177.73215015655182,matang
9.711720669170447,150.20385100413623,167.84261383469283,matang
34.80866379151969,88.62675472870475,167.99861114391743,matang
46.174003064767575,64.42181307804758,164.6616707543357,matang
23.44062439308285,52.448964418908,183.01653668797766,matang
15.044032495328379,100.4975641298186,179.0144702170992,matang
18.17895378637566,78.7752391417601,178.35969363150352,matang
18.085797580992274,78.07593837592907,178.6213039565749,matang
41.96355134453473,75.59203939581234,168.43313848012198,matang
41.523052845752495,85.14190141237822,168.7929758853773,matang
14.090770774938061,85.99905107683506,171.7928881284381,matang
11.88747657627866,126.9112845417874,164.69848101759993,matang
15.675259055203872,61.09528550038843,184.62198772255815,matang
14.713214669548375,70.3828920553561,182.32198078401885,matang
15.40156665000105,63.777863484321195,183.8603155575502,matang
20.72684545461703,73.94690163874192,183.1446527974616,matang
17.282484338256907,87.50881440539179,173.97816615554402,matang
14.03230751212522,135.45861382747543,162.1694644727104,matang
14.77865124637818,84.33595095059628,169.86373405940307,matang
16.317001930980727,70.24939874194277,174.91808020951436,matang
15.025589677421895,90.93007322045331,163.86331331818994,matang
16.711165504010246,71.86852608037813,179.05850074404762,matang
15.597793298453642,85.20492959433001,182.3533950617284,matang
17.4388281643676,57.09645734258209,182.4084444975907,matang
15.13011114457357,91.85879670637546,175.5547559832189,matang
14.131474821796003,80.21883488638511,177.98153101904342,matang
13.202649800275049,120.16891586881667,165.57995009828778,matang
14.918639803529436,73.32208683048837,181.87715430983351,matang
11.755101056626355,131.05868527966743,178.629533835139,matang
13.0994010547892,92.90657994968821,175.3187693721393,matang
12.955196965939153,94.432030856324,179.16334863420676,matang
13.523954117719619,81.39797082992148,171.66397695748825,matang
14.84276056101453,65.04370344781431,178.56291155544008,matang
14.140883431883555,88.94527075394201,176.3176472315392,matang
12.821906149612623,103.56690908906,174.9185971552973,matang
96.10046156417113,60.25435110294118,179.5815265708556,matang
107.4303419117647,51.01808597927808,172.04887073863637,matang
